{
  "mean": [
    0.586601704819687,
    0.5802888891945329,
    0.508062997610713
  ],
  "num_channels": 3,
  "num_images": 10421,
  "resolution": 1024,
  "sample_limit_used": null,
  "std": [
    0.18182784615743328,
    0.15326546508095618,
    0.15413163598724186
  ],
  "target_domain": "rgb"
}